No.,Slop_angle,Coefficient restitution,Friction Angle,ƒµ_W,ƒµ_B&G,ƒµ_A,ƒµ_R2,X_ave,X_95,X_cv,Z_ave,Z_95,Z_cv,R/T
1,30,0.1,20,0.805995977,0.577350269,0.367552597,0.636619772,117.9414439,119.3205967,0.00777591,1.829668338,3.456009967,0.593451524,0.003698
2,30,0.1,20,0.851298292,0.680413817,0.579959658,0.816927334,123.2047515,146.0606709,0.11093574,3.695032908,9.759097223,0.906226689,0.0187731
3,30,0.1,20,0.904997185,0.707106781,0.562697698,0.753129277,118.8785288,123.3736113,0.021981423,1.720628199,4.815210736,0.784640958,0.006773236
4,30,0.1,20,0.767663317,0.40824829,0.259898934,0.530516477,119.8402714,121.1190774,0.006769101,1.864795245,4.979782896,0.804538076,0.004405278
5,30,0.1,20,0.807248973,0.440225453,0.314147679,0.572464291,118.5424954,121.1564189,0.011277472,2.689201831,5.730510132,0.561445624,0.01086351
6,30,0.1,20,0.849754169,0.447213595,0.284705017,0.509295818,118.451958,121.7653588,0.015731516,1.305712634,3.534495654,0.681777071,0.006186945
7,30,0.1,20,0.761618473,0.333333333,0.282942121,0.565884242,120.9792563,122.68629,0.012470941,1.673263196,4.580302571,0.972259124,0.004008666
8,30,0.1,20,0.798975017,0.421075961,0.549819004,0.840001313,119.5716206,121.6945476,0.013413052,2.710197369,6.336396899,0.683602047,0.01156655
9,30,0.1,20,0.836593725,0.447213595,0.569410035,0.821174538,119.1891672,120.3524668,0.012045421,1.291023475,3.591568846,0.753533614,0.006743307
10,30,0.1,20,0.718516797,0.301511345,0.157048432,0.405121673,120.7206809,121.6414378,0.005558285,1.464090515,4.384951936,0.965998105,0.005591721
11,30,0.1,20,0.752255969,0.313727903,0.170552898,0.408827807,119.9798212,124.3663439,0.019281889,1.663943803,3.856612874,0.653581421,0.009650346
12,30,0.1,20,0.784225984,0.316227766,0.150987636,0.361564983,120.809178,126.6741352,0.025439058,1.752575985,4.498790654,0.738106215,0.00577832
13,30,0.1,20,0.725820022,0.267261242,0.218756303,0.50020125,121.2844316,123.233888,0.014381199,1.603571713,5.207702442,1.001002236,0.004195243
14,30,0.1,20,0.757902263,0.30656967,0.318285768,0.615080006,120.1502966,121.8835819,0.011837017,1.815141925,4.705152339,0.791989726,0.01031921
15,30,0.1,20,0.785582178,0.316227766,0.301975273,0.572957795,119.7863586,121.4164348,0.008434201,1.346964899,3.606002664,0.755685301,0.005675718
16,30,0.1,20,0.697468411,0.229415734,0.207545578,0.502594557,122.3417862,123.7333643,0.010095317,1.283187236,4.366738907,1.217630511,0.004703407
17,30,0.1,20,0.724535006,0.295656198,0.428234729,0.784142904,121.5013001,124.3173382,0.011017502,1.930247133,5.509976066,0.717104403,0.01079545
18,30,0.1,20,0.742659835,0.316227766,0.452962909,0.794179167,121.0342734,123.8365823,0.011565971,1.374783974,3.693720512,0.762257632,0.005913834
19,30,0.1,30,0.805995977,0.577350269,0.367552597,0.636619772,87.43875172,88.85180928,0.011024009,1.181642698,2.379708312,0.46974679,0.009723159
20,30,0.1,30,0.851298292,0.680413817,0.579959658,0.816927334,148.6830351,203.083914,0.281211513,12.9490365,34.55714177,0.940647074,0.08601818
21,30,0.1,30,0.904997185,0.707106781,0.562697698,0.753129277,99.76336694,120.7343017,0.11500093,3.10562627,8.271370008,0.886759109,0.02997474
22,30,0.1,30,0.767663317,0.40824829,0.259898934,0.530516477,87.51478089,88.92763939,0.010778214,1.191188043,3.713119604,0.960751992,0.01046843
23,30,0.1,30,0.807248973,0.440225453,0.314147679,0.572464291,90.35151936,100.2843351,0.065127835,2.184001549,5.077641214,1.007874239,0.03043522
24,30,0.1,30,0.849754169,0.447213595,0.284705017,0.509295818,87.7897131,89.11660199,0.011685817,0.70840827,1.958973255,0.808071712,0.0170431
25,30,0.1,30,0.761618473,0.333333333,0.282942121,0.565884242,87.80944814,89.02772599,0.011384505,1.024435515,2.976643305,1.067158039,0.009304926
26,30,0.1,30,0.798975017,0.421075961,0.549819004,0.840001313,92.08123001,109.4897305,0.098958954,2.76673032,8.731615818,1.205218323,0.03065724
27,30,0.1,30,0.836593725,0.447213595,0.569410035,0.821174538,88.39471157,90.82055421,0.024176427,0.884231464,2.173119162,0.804292586,0.01642116
28,30,0.1,30,0.718516797,0.301511345,0.157048432,0.405121673,87.57966587,89.27701077,0.011794198,0.977894539,3.629327616,1.172171462,0.01337706
29,30,0.1,30,0.752255969,0.313727903,0.170552898,0.408827807,89.14599398,91.49373155,0.030990638,1.298508484,2.511769965,0.864220601,0.02289234
30,30,0.1,30,0.784225984,0.316227766,0.150987636,0.361564983,87.58530991,89.11267355,0.011500944,0.720922002,1.66832409,0.725720719,0.01646107
31,30,0.1,30,0.725820022,0.267261242,0.218756303,0.50020125,87.6939727,88.93882873,0.010993656,1.061439403,3.667143919,1.079427853,0.01024972
32,30,0.1,30,0.757902263,0.30656967,0.318285768,0.615080006,88.83863948,90.52225993,0.016143965,1.377102539,3.302731546,0.717061526,0.02068636
33,30,0.1,30,0.785582178,0.316227766,0.301975273,0.572957795,87.87311367,89.81972504,0.013863879,1.026361564,2.90786207,0.856791276,0.0140647
34,30,0.1,30,0.697468411,0.229415734,0.207545578,0.502594557,87.88634182,89.12258862,0.011121679,0.853906665,3.33766289,1.273794453,0.01078272
35,30,0.1,30,0.724535006,0.295656198,0.428234729,0.784142904,90.05107422,95.68068985,0.035392275,1.571635065,4.740322766,0.867869033,0.02393603
36,30,0.1,30,0.742659835,0.316227766,0.452962909,0.794179167,88.16560785,90.7549276,0.027069728,0.851458381,2.101494523,0.812251609,0.01486819
37,30,0.1,40,0.805995977,0.577350269,0.367552597,0.636619772,86.60253906,86.60253906,0,1.011155147,1.895468431,0.481004546,0.02542108
38,30,0.1,40,0.851298292,0.680413817,0.579959658,0.816927334,175.2152229,227.8256608,0.193324602,20.88982634,52.05235894,0.844956102,0.1896767
39,30,0.1,40,0.904997185,0.707106781,0.562697698,0.753129277,126.8410549,161.8574235,0.137027465,13.49046707,26.71536555,0.821274238,0.1135091
40,30,0.1,40,0.767663317,0.40824829,0.259898934,0.530516477,86.60253906,86.60253906,0,1.269931504,4.302768052,1.024895555,0.02736033
41,30,0.1,40,0.807248973,0.440225453,0.314147679,0.572464291,95.76248959,133.0091246,0.181225864,5.193303385,25.87544032,1.478173315,0.08546728
42,30,0.1,40,0.849754169,0.447213595,0.284705017,0.509295818,87.11516503,86.60253906,0.029874054,1.027467176,2.790511512,1.571055575,0.05373249
43,30,0.1,40,0.761618473,0.333333333,0.282942121,0.565884242,86.60253906,86.60253906,0,0.926463895,2.690408111,1.084466677,0.02324597
44,30,0.1,40,0.798975017,0.421075961,0.549819004,0.840001313,102.2850499,132.3765613,0.173506328,6.515288181,21.55227936,1.194305578,0.09453836
45,30,0.1,40,0.836593725,0.447213595,0.569410035,0.821174538,91.01501334,118.9658757,0.12697171,2.628093938,13.84367716,1.794280203,0.06234564
46,30,0.1,40,0.718516797,0.301511345,0.157048432,0.405121673,86.60253906,86.60253906,0,0.896323395,3.499266099,1.21956064,0.03065485
47,30,0.1,40,0.752255969,0.313727903,0.170552898,0.408827807,88.12028669,89.25131764,0.087942404,1.371171594,3.062021934,1.401181487,0.05474994
48,30,0.1,40,0.784225984,0.316227766,0.150987636,0.361564983,86.88491282,86.60253906,0.032336839,0.934662007,1.000460494,1.462166392,0.04970871
49,30,0.1,40,0.725820022,0.267261242,0.218756303,0.50020125,86.60253906,86.60253906,0,1.250880748,3.334334181,1.53198996,0.0300624
50,30,0.1,40,0.757902263,0.30656967,0.318285768,0.615080006,88.10036252,102.6594288,0.068065471,1.878578742,8.053811369,1.291059891,0.05433147
51,30,0.1,40,0.785582178,0.316227766,0.301975273,0.572957795,86.83698682,86.60253906,0.026863273,1.222961295,3.991895972,1.178574854,0.04674919
52,30,0.1,40,0.697468411,0.229415734,0.207545578,0.502594557,86.60253906,86.60253906,0,0.833605637,3.519788871,1.263186377,0.02937558
53,30,0.1,40,0.724535006,0.295656198,0.428234729,0.784142904,89.66830737,110.5539071,0.105376862,2.372605321,13.47872914,1.493125661,0.05862442
54,30,0.1,40,0.742659835,0.316227766,0.452962909,0.794179167,86.60253906,86.60253906,0,1.109602122,3.884321681,1.172222682,0.03893717
55,30,0.3,20,0.805995977,0.577350269,0.367552597,0.636619772,113.4922133,114.9175378,0.009592522,3.571128204,6.500720798,0.57301957,0.008791674
56,30,0.3,20,0.851298292,0.680413817,0.579959658,0.816927334,163.1061245,240.2424381,0.264872611,16.09190329,46.0283273,0.952892853,0.09013947
57,30,0.3,20,0.904997185,0.707106781,0.562697698,0.753129277,124.6137879,150.2542498,0.12499437,6.036934867,18.63577854,0.810194437,0.042328
58,30,0.3,20,0.767663317,0.40824829,0.259898934,0.530516477,114.6296181,116.1457285,0.007641421,3.068316869,9.653870376,0.849472595,0.00909015
59,30,0.3,20,0.807248973,0.440225453,0.314147679,0.572464291,116.0188632,129.8845546,0.046270237,5.357960302,11.47476125,0.871021274,0.02960168
60,30,0.3,20,0.849754169,0.447213595,0.284705017,0.509295818,115.4814853,121.8852101,0.026108279,2.987256789,8.083866032,0.76026795,0.02229765
61,30,0.3,20,0.761618473,0.333333333,0.282942121,0.565884242,115.6134827,116.8495236,0.007648017,3.245106061,7.469645414,0.763611562,0.006086827
62,30,0.3,20,0.798975017,0.421075961,0.549819004,0.840001313,116.2139399,131.6997436,0.058070845,5.088536885,12.65238325,0.999756913,0.0344167
63,30,0.3,20,0.836593725,0.447213595,0.569410035,0.821174538,114.7780078,119.3817107,0.021852776,2.536774905,7.0611417,0.69806907,0.0193918
64,30,0.3,20,0.718516797,0.301511345,0.157048432,0.405121673,115.139025,116.7152555,0.007109427,2.326583187,6.23829824,0.886874988,0.008621087
65,30,0.3,20,0.752255969,0.313727903,0.170552898,0.408827807,116.0433146,120.989423,0.024511804,3.204331052,8.321894955,0.755642823,0.02202002
66,30,0.3,20,0.784225984,0.316227766,0.150987636,0.361564983,117.4761714,124.0410516,0.027854048,2.702522534,7.368845672,0.786292232,0.01497095
67,30,0.3,20,0.725820022,0.267261242,0.218756303,0.50020125,115.555927,116.9013836,0.010180228,3.086719599,8.284330234,0.994976237,0.008265591
68,30,0.3,20,0.757902263,0.30656967,0.318285768,0.615080006,115.5511854,118.3015713,0.036698211,3.614992104,14.57653156,1.08412967,0.0267407
69,30,0.3,20,0.785582178,0.316227766,0.301975273,0.572957795,115.0982596,116.8849006,0.009348866,2.516264687,7.394889907,0.801946481,0.01445355
70,30,0.3,20,0.697468411,0.229415734,0.207545578,0.502594557,116.5416411,117.50116,0.011367331,2.300710968,6.939685184,1.056652901,0.009242118
71,30,0.3,20,0.724535006,0.295656198,0.428234729,0.784142904,115.6874853,118.0287697,0.0103817,2.828898353,7.948632571,0.836921614,0.02224155
72,30,0.3,20,0.742659835,0.316227766,0.452962909,0.794179167,115.6545464,118.0040346,0.012304941,2.339092173,6.50121587,0.643079705,0.01397569
73,30,0.3,30,0.805995977,0.577350269,0.367552597,0.636619772,87.32991979,88.87549063,0.02006612,2.635404569,6.54244223,0.684049873,0.02388783
74,30,0.3,30,0.851298292,0.680413817,0.579959658,0.816927334,185.5335604,236.3894487,0.190526208,26.34250713,69.25439735,0.810615768,0.2074678
75,30,0.3,30,0.904997185,0.707106781,0.562697698,0.753129277,144.7931468,188.7217246,0.162568026,18.7772738,46.43777037,0.72028016,0.1560586
76,30,0.3,30,0.767663317,0.40824829,0.259898934,0.530516477,87.9395312,91.57041092,0.041191724,2.476890671,7.127523655,1.262453583,0.02922394
77,30,0.3,30,0.807248973,0.440225453,0.314147679,0.572464291,102.2265379,138.2855041,0.186739304,9.038958957,38.05404751,1.244320669,0.09946327
78,30,0.3,30,0.849754169,0.447213595,0.284705017,0.509295818,94.46450049,121.9135466,0.123465226,3.296094205,11.69814298,1.337038975,0.06662993
79,30,0.3,30,0.761618473,0.333333333,0.282942121,0.565884242,88.17639835,89.25543369,0.057933105,2.280134537,5.363945894,1.3495028,0.02454251
80,30,0.3,30,0.798975017,0.421075961,0.549819004,0.840001313,105.2297444,145.5214236,0.224386816,9.888034746,46.7876288,1.23899918,0.09239182
81,30,0.3,30,0.836593725,0.447213595,0.569410035,0.821174538,95.47366693,131.3898877,0.166182897,5.33363872,23.18851012,1.44315994,0.06403072
82,30,0.3,30,0.718516797,0.301511345,0.157048432,0.405121673,87.32100608,88.97890844,0.011104505,1.569911692,4.352030021,1.004242605,0.01994895
83,30,0.3,30,0.752255969,0.313727903,0.170552898,0.408827807,89.69049173,97.96495581,0.092016768,2.724819505,10.50226206,1.005062593,0.05832192
84,30,0.3,30,0.784225984,0.316227766,0.150987636,0.361564983,90.35088037,103.0204894,0.092521631,2.649137572,7.581813378,1.786307569,0.0519188
85,30,0.3,30,0.725820022,0.267261242,0.218756303,0.50020125,88.26150629,90.26236843,0.086336164,2.648941647,11.31608973,1.463707808,0.02789862
86,30,0.3,30,0.757902263,0.30656967,0.318285768,0.615080006,92.23382582,112.9431243,0.126133452,3.998206202,14.81621494,1.970855645,0.07610607
87,30,0.3,30,0.785582178,0.316227766,0.301975273,0.572957795,90.02054038,94.41423487,0.088520486,2.83450849,6.64316883,1.233543713,0.04890861
88,30,0.3,30,0.697468411,0.229415734,0.207545578,0.502594557,87.45463349,89.48107864,0.023920336,1.70816416,5.805693897,1.147221381,0.02610697
89,30,0.3,30,0.724535006,0.295656198,0.428234729,0.784142904,91.89986674,123.2684032,0.125063038,3.605057568,10.25760583,1.168581095,0.06663981
90,30,0.3,30,0.742659835,0.316227766,0.452962909,0.794179167,88.91851848,93.85647631,0.063218117,2.339564022,10.06350985,1.394561617,0.03554033
91,30,0.3,40,0.805995977,0.577350269,0.367552597,0.636619772,95.75091554,141.2461566,0.186094056,7.48752431,23.59848963,1.626855992,0.07704457
92,30,0.3,40,0.851298292,0.680413817,0.579959658,0.816927334,190.9816951,253.9874191,0.211328768,35.72800319,86.19244842,0.638749524,0.2487966
93,30,0.3,40,0.904997185,0.707106781,0.562697698,0.753129277,140.0522834,172.4507657,0.14080411,23.99582893,56.82800786,0.739084799,0.196333
94,30,0.3,40,0.767663317,0.40824829,0.259898934,0.530516477,90.40800816,117.5696837,0.115053446,4.30062184,11.5697953,1.772266211,0.06935043
95,30,0.3,40,0.807248973,0.440225453,0.314147679,0.572464291,110.522954,156.264759,0.206675906,12.86245373,34.78864565,1.08715326,0.1721967
96,30,0.3,40,0.849754169,0.447213595,0.284705017,0.509295818,100.0231891,132.8019898,0.155716982,8.329816802,26.27098103,1.066485067,0.1202924
97,30,0.3,40,0.761618473,0.333333333,0.282942121,0.565884242,90.04160046,114.5607743,0.103944093,4.347462374,28.36331321,1.808481371,0.06907644
98,30,0.3,40,0.798975017,0.421075961,0.549819004,0.840001313,111.583928,154.6277618,0.217109666,12.91108093,38.98165043,1.242759925,0.1562292
99,30,0.3,40,0.836593725,0.447213595,0.569410035,0.821174538,105.0892307,137.9361859,0.188475256,14.99845493,53.40090939,1.145515951,0.1363156
100,30,0.3,40,0.718516797,0.301511345,0.157048432,0.405121673,86.99182533,86.60253906,0.025732644,1.753614824,3.482338792,1.265531553,0.04442218
101,30,0.3,40,0.752255969,0.313727903,0.170552898,0.408827807,92.18864788,123.4036638,0.155408667,4.899241641,31.05892646,1.780146722,0.1229927
102,30,0.3,40,0.784225984,0.316227766,0.150987636,0.361564983,89.27290971,101.0542104,0.073849586,3.760646463,15.59144261,1.382545509,0.1032094
103,30,0.3,40,0.725820022,0.267261242,0.218756303,0.50020125,88.89265266,102.5315387,0.111603154,3.04547428,22.01714133,2.179669926,0.05447115
104,30,0.3,40,0.757902263,0.30656967,0.318285768,0.615080006,93.07841282,124.7123634,0.150704866,5.537734558,30.83494911,1.524414825,0.1226962
105,30,0.3,40,0.785582178,0.316227766,0.301975273,0.572957795,94.32395078,126.8768286,0.161909465,8.558904364,43.56561493,1.382234354,0.1092207
106,30,0.3,40,0.697468411,0.229415734,0.207545578,0.502594557,88.45689025,93.44749159,0.123364609,2.331745545,5.787389114,2.49035207,0.06467432
107,30,0.3,40,0.724535006,0.295656198,0.428234729,0.784142904,98.64215483,133.9860429,0.168624431,9.389358201,42.57555281,1.471172737,0.1246956
108,30,0.3,40,0.742659835,0.316227766,0.452962909,0.794179167,93.54912833,126.3620741,0.168630054,9.113292679,54.86229691,1.748475857,0.09425899
109,30,0.5,20,0.805995977,0.577350269,0.367552597,0.636619772,113.330561,116.3572782,0.018139955,5.913224557,11.11840077,0.690557735,0.02547491
110,30,0.5,20,0.851298292,0.680413817,0.579959658,0.816927334,196.2461484,264.5339544,0.23653613,32.34160236,73.95039491,0.803443273,0.1405109
111,30,0.5,20,0.904997185,0.707106781,0.562697698,0.753129277,145.1130547,187.2082116,0.160301861,17.51570055,65.47200752,0.92598581,0.08321676
112,30,0.5,20,0.767663317,0.40824829,0.259898934,0.530516477,114.8340558,117.5605013,0.028414182,4.540079166,13.05231179,0.905090401,0.02283455
113,30,0.5,20,0.807248973,0.440225453,0.314147679,0.572464291,124.5074946,167.050305,0.142640545,9.178828261,28.71603414,1.127673849,0.06413702
114,30,0.5,20,0.849754169,0.447213595,0.284705017,0.509295818,120.5525744,132.863683,0.074286277,7.151271323,22.16238862,0.863765672,0.04678356
115,30,0.5,20,0.761618473,0.333333333,0.282942121,0.565884242,115.8890029,117.1774135,0.050822613,4.377197367,10.65513677,0.733810969,0.01493969
116,30,0.5,20,0.798975017,0.421075961,0.549819004,0.840001313,125.5772779,167.4955781,0.167191982,8.754211266,37.87328628,1.039245447,0.0679256
117,30,0.5,20,0.836593725,0.447213595,0.569410035,0.821174538,116.3663856,135.8596499,0.072858786,5.454572967,21.67683271,1.287301336,0.03570464
118,30,0.5,20,0.718516797,0.301511345,0.157048432,0.405121673,115.195513,116.5155472,0.045833822,3.872089281,9.633896738,1.236810257,0.01492596
119,30,0.5,20,0.752255969,0.313727903,0.170552898,0.408827807,118.6725633,130.3690132,0.059185904,7.226612502,26.38063853,1.079956317,0.04143215
120,30,0.5,20,0.784225984,0.316227766,0.150987636,0.361564983,116.8667679,124.5136154,0.032668222,4.208423648,11.19340351,0.789031783,0.02892591
121,30,0.5,20,0.725820022,0.267261242,0.218756303,0.50020125,115.5059336,117.2077809,0.017470373,4.323931552,11.30644091,0.823962257,0.01396162
122,30,0.5,20,0.757902263,0.30656967,0.318285768,0.615080006,115.6562156,122.0642422,0.04447295,4.961449697,14.47211195,0.968355528,0.05178948
123,30,0.5,20,0.785582178,0.316227766,0.301975273,0.572957795,116.6189451,120.0496058,0.070220511,4.320102359,10.05666178,0.754159082,0.04054939
124,30,0.5,20,0.697468411,0.229415734,0.207545578,0.502594557,115.9014465,117.8183523,0.00911417,3.532413832,10.6111343,0.933564844,0.01534324
125,30,0.5,20,0.724535006,0.295656198,0.428234729,0.784142904,116.5443455,123.0543621,0.040262912,4.179439577,11.63891217,0.891263016,0.038792
126,30,0.5,20,0.742659835,0.316227766,0.452962909,0.794179167,116.1452539,119.512626,0.02675124,3.2427037,8.111096676,1.045763227,0.02586226
127,30,0.5,30,0.805995977,0.577350269,0.367552597,0.636619772,97.86453251,139.4753262,0.185648416,9.172333495,30.07210798,1.334723995,0.07049727
128,30,0.5,30,0.851298292,0.680413817,0.579959658,0.816927334,211.8276677,282.6684761,0.224520407,42.60054383,119.0075586,0.71841645,0.1888682
129,30,0.5,30,0.904997185,0.707106781,0.562697698,0.753129277,161.2631145,214.0674071,0.204275721,32.57183626,80.74635624,0.72401534,0.1500717
130,30,0.5,30,0.767663317,0.40824829,0.259898934,0.530516477,91.39027334,115.6423077,0.138397477,3.938910872,11.98436376,1.144546901,0.05104454
131,30,0.5,30,0.807248973,0.440225453,0.314147679,0.572464291,121.7734173,183.730926,0.237708396,20.40833889,58.86560783,0.909629296,0.1314866
132,30,0.5,30,0.849754169,0.447213595,0.284705017,0.509295818,110.0612204,148.1819818,0.1982081,10.56558099,39.70236208,1.104875699,0.1026201
133,30,0.5,30,0.761618473,0.333333333,0.282942121,0.565884242,92.04832441,119.9973239,0.148811929,6.158741443,29.89579605,1.487049795,0.05004223
134,30,0.5,30,0.798975017,0.421075961,0.549819004,0.840001313,120.6645956,176.0242019,0.250455603,17.29259441,53.52025857,1.082181689,0.1259629
135,30,0.5,30,0.836593725,0.447213595,0.569410035,0.821174538,107.643274,159.5175267,0.233113621,11.66027308,36.54134516,1.225310061,0.09190674
136,30,0.5,30,0.718516797,0.301511345,0.157048432,0.405121673,89.62189469,94.14533701,0.132550991,4.172660759,10.78246251,1.669548518,0.04895616
137,30,0.5,30,0.752255969,0.313727903,0.170552898,0.408827807,96.73763309,133.6360029,0.155165801,8.301952771,35.97049963,1.260340658,0.09834894
138,30,0.5,30,0.784225984,0.316227766,0.150987636,0.361564983,92.60470388,107.1979791,0.094889571,5.188175176,19.74705187,1.40417297,0.07190575
139,30,0.5,30,0.725820022,0.267261242,0.218756303,0.50020125,89.49734716,92.88722944,0.111326444,3.457994882,10.10742114,1.372039719,0.03953296
140,30,0.5,30,0.757902263,0.30656967,0.318285768,0.615080006,100.9257941,153.1786119,0.226687719,8.493109333,32.25356248,1.276656817,0.1064923
141,30,0.5,30,0.785582178,0.316227766,0.301975273,0.572957795,96.64257104,135.8842652,0.20999476,7.966496962,17.73040135,1.587645862,0.06646393
142,30,0.5,30,0.697468411,0.229415734,0.207545578,0.502594557,93.77029029,136.6888268,0.219757487,5.192836367,24.19959518,1.876061539,0.05473532
143,30,0.5,30,0.724535006,0.295656198,0.428234729,0.784142904,106.6323806,167.2239038,0.291759397,9.426218809,21.64992544,1.389908568,0.1062978
144,30,0.5,30,0.742659835,0.316227766,0.452962909,0.794179167,96.14128076,142.3871758,0.189242023,7.385688544,10.65506833,1.688754257,0.06350638
145,30,0.5,40,0.805995977,0.577350269,0.367552597,0.636619772,116.2064134,167.7632337,0.249960781,21.34765487,69.64584405,0.909071786,0.09597944
146,30,0.5,40,0.851298292,0.680413817,0.579959658,0.816927334,207.117777,285.359718,0.228408518,45.42873509,108.6766688,0.676897843,0.1816683
147,30,0.5,40,0.904997185,0.707106781,0.562697698,0.753129277,155.0598327,215.1860315,0.247944862,37.63173894,108.9606109,0.740011492,0.1473123
148,30,0.5,40,0.767663317,0.40824829,0.259898934,0.530516477,95.0691814,149.3426466,0.241015228,6.937898338,24.41536703,1.921413485,0.07102182
149,30,0.5,40,0.807248973,0.440225453,0.314147679,0.572464291,125.5695184,174.547431,0.23453913,24.71582817,72.9339778,0.858294623,0.1635563
150,30,0.5,40,0.849754169,0.447213595,0.284705017,0.509295818,109.3547249,134.7266599,0.155252742,17.28507986,46.47146819,0.790884577,0.1281148
151,30,0.5,40,0.761618473,0.333333333,0.282942121,0.565884242,97.64690899,142.9896126,0.204769007,9.27085933,61.55272465,1.566535137,0.08342739
152,30,0.5,40,0.798975017,0.421075961,0.549819004,0.840001313,129.6140228,190.0578216,0.271015776,21.69942421,73.49993097,0.983797773,0.1591768
153,30,0.5,40,0.836593725,0.447213595,0.569410035,0.821174538,121.8206572,171.0705553,0.241721221,32.23927986,77.49937811,0.828794135,0.131351
154,30,0.5,40,0.718516797,0.301511345,0.157048432,0.405121673,89.76501273,105.912609,0.116575404,6.661328737,39.27138566,1.647479342,0.07927719
155,30,0.5,40,0.752255969,0.313727903,0.170552898,0.408827807,97.51724765,129.7513534,0.159522353,13.85624204,59.29530189,1.153062325,0.1482293
156,30,0.5,40,0.784225984,0.316227766,0.150987636,0.361564983,94.57926836,118.0200158,0.125091744,9.20718986,44.25670961,1.22537226,0.1231718
157,30,0.5,40,0.725820022,0.267261242,0.218756303,0.50020125,92.66698042,136.4734228,0.185863833,7.436332293,46.45681943,1.855562807,0.07612491
158,30,0.5,40,0.757902263,0.30656967,0.318285768,0.615080006,107.4988229,153.0797296,0.219908355,14.30192654,38.40838306,0.962600954,0.1341595
159,30,0.5,40,0.785582178,0.316227766,0.301975273,0.572957795,100.0529597,151.4207834,0.228618023,10.18974246,23.25063161,1.538185461,0.08375338
160,30,0.5,40,0.697468411,0.229415734,0.207545578,0.502594557,94.86788468,128.1155019,0.207366014,7.01760987,23.62369047,1.704180081,0.08809933
161,30,0.5,40,0.724535006,0.295656198,0.428234729,0.784142904,114.5693353,165.2917095,0.262658675,19.56050271,69.80589483,1.236265021,0.1325252
162,30,0.5,40,0.742659835,0.316227766,0.452962909,0.794179167,102.0377365,149.2816243,0.214352927,19.46500462,67.21906282,1.423635926,0.09059223
163,45,0.1,20,0.805995977,0.577350269,0.367552597,0.636619772,87.69676984,93.08698276,0.045932921,3.248944776,7.27283911,0.631334132,0.067894
164,45,0.1,20,0.851298292,0.680413817,0.579959658,0.816927334,107.8153275,140.7687127,0.152397807,6.682440792,18.56941997,0.862073134,0.01539007
165,45,0.1,20,0.904997185,0.707106781,0.562697698,0.753129277,97.81345365,107.6516119,0.080912791,7.59190867,15.98490737,0.452356201,0.004269895
166,45,0.1,20,0.767663317,0.40824829,0.259898934,0.530516477,84.38827074,92.79022314,0.049843441,2.203387866,6.755852,0.769241165,0.001247047
167,45,0.1,20,0.807248973,0.440225453,0.314147679,0.572464291,91.26976084,107.605609,0.114207138,4.4431108,12.21169744,0.7892148,0.004733308
168,45,0.1,20,0.849754169,0.447213595,0.284705017,0.509295818,89.94953476,102.4957405,0.084435699,3.903323796,9.435680072,0.652714979,0.002597019
169,45,0.1,20,0.761618473,0.333333333,0.282942121,0.565884242,87.03737395,94.46734433,0.040265834,2.085971971,8.913781558,1.00852478,0.00132196
170,45,0.1,20,0.798975017,0.421075961,0.549819004,0.840001313,82.95748998,88.90952088,0.059344823,2.569690763,6.788006588,0.959413985,0.004439005
171,45,0.1,20,0.836593725,0.447213595,0.569410035,0.821174538,83.19540167,89.24362453,0.04991289,1.671286531,4.516766525,0.721155758,0.002274225
172,45,0.1,20,0.718516797,0.301511345,0.157048432,0.405121673,89.08600184,94.37668318,0.045990597,1.934694613,5.156386715,0.713667742,0.001668458
173,45,0.1,20,0.752255969,0.313727903,0.170552898,0.408827807,93.81256577,109.7789854,0.113518345,2.501702208,6.488191441,0.741263286,0.003955754
174,45,0.1,20,0.784225984,0.316227766,0.150987636,0.361564983,92.60829211,104.7167935,0.076586823,2.589076897,5.53777924,0.851551793,0.002112823
175,45,0.1,20,0.725820022,0.267261242,0.218756303,0.50020125,88.44261235,93.81071189,0.031178255,2.107965588,5.829367563,0.728734433,0.001385978
176,45,0.1,20,0.757902263,0.30656967,0.318285768,0.615080006,86.57015149,97.29378319,0.070394915,2.003083603,5.64254588,0.830092794,0.004340758
177,45,0.1,20,0.785582178,0.316227766,0.301975273,0.572957795,86.74069427,92.8874579,0.064822716,1.447240018,5.06424889,1.226338466,0.002438757
178,45,0.1,20,0.697468411,0.229415734,0.207545578,0.502594557,90.02515063,93.45312261,0.021450125,1.738033994,4.619830481,0.705893871,0.001423238
179,45,0.1,20,0.724535006,0.295656198,0.428234729,0.784142904,88.79592768,94.91537542,0.049194891,1.483959322,4.592432886,0.715375318,0.004046541
180,45,0.1,20,0.742659835,0.316227766,0.452962909,0.794179167,87.38854497,94.51293594,0.056306179,1.097326858,3.139038971,0.760259788,0.002471094
181,45,0.1,30,0.805995977,0.577350269,0.367552597,0.636619772,69.90408383,74.68211436,0.041359655,3.6293502,7.869220687,0.65806295,0.002685724
182,45,0.1,30,0.851298292,0.680413817,0.579959658,0.816927334,122.3431005,168.6683913,0.243419626,12.70860257,45.00524353,0.935277919,0.08657416
183,45,0.1,30,0.904997185,0.707106781,0.562697698,0.753129277,88.91839942,122.4952601,0.202992535,5.850399583,20.57774412,0.905992929,0.03476169
184,45,0.1,30,0.767663317,0.40824829,0.259898934,0.530516477,64.35137615,70.60274583,0.043182112,2.412028323,6.418780219,0.749267071,0.002532278
185,45,0.1,30,0.807248973,0.440225453,0.314147679,0.572464291,76.53534052,95.853288,0.134603141,4.18113894,13.31508645,0.944809527,0.01969149
186,45,0.1,30,0.849754169,0.447213595,0.284705017,0.509295818,72.40566927,82.43287504,0.095781885,3.382738292,8.663565484,0.660448106,0.008066294
187,45,0.1,30,0.761618473,0.333333333,0.282942121,0.565884242,65.25854995,68.06100006,0.073362051,2.036156683,5.270837661,0.819990225,0.005297739
188,45,0.1,30,0.798975017,0.421075961,0.549819004,0.840001313,72.91890191,110.4289228,0.220457769,4.224827879,13.47426141,1.081655982,0.02468859
189,45,0.1,30,0.836593725,0.447213595,0.569410035,0.821174538,67.44882137,93.4562693,0.156970008,2.54136302,8.260738133,1.044952437,0.009315213
190,45,0.1,30,0.718516797,0.301511345,0.157048432,0.405121673,65.57532242,72.18545697,0.054929006,1.783804326,4.940450121,0.738431473,0.003223197
191,45,0.1,30,0.752255969,0.313727903,0.170552898,0.408827807,73.21816312,87.79380292,0.122944054,1.941803337,5.014661484,0.790576181,0.009779148
192,45,0.1,30,0.784225984,0.316227766,0.150987636,0.361564983,70.8293983,80.6558442,0.089109549,2.960670538,6.695901436,0.684675909,0.005553511
193,45,0.1,30,0.725820022,0.267261242,0.218756303,0.50020125,65.21673621,68.14634949,0.026244187,1.788213683,5.553827008,0.834564646,0.002866593
194,45,0.1,30,0.757902263,0.30656967,0.318285768,0.615080006,67.82008977,86.23321212,0.111863235,2.735780084,10.0019192,0.933919386,0.016758
195,45,0.1,30,0.785582178,0.316227766,0.301975273,0.572957795,64.03719925,67.66644806,0.065649263,1.324938485,3.32114235,0.80011738,0.007082412
196,45,0.1,30,0.697468411,0.229415734,0.207545578,0.502594557,66.03784972,69.46451606,0.030114487,1.590878749,4.715305106,0.701093145,0.00440324
197,45,0.1,30,0.724535006,0.295656198,0.428234729,0.784142904,67.74674765,84.54877042,0.107061614,2.001019719,4.96607958,1.343819367,0.01134095
198,45,0.1,30,0.742659835,0.316227766,0.452962909,0.794179167,65.95270584,77.17207205,0.086685918,1.384487711,5.572429608,1.109432206,0.006408485
199,45,0.1,40,0.805995977,0.577350269,0.367552597,0.636619772,61.23205678,80.17833847,0.160860989,4.110556141,10.15357678,0.73871273,0.01885782
200,45,0.1,40,0.851298292,0.680413817,0.579959658,0.816927334,128.7623981,185.0833813,0.2582978,18.35900679,49.80988419,0.771231263,0.161101
201,45,0.1,40,0.904997185,0.707106781,0.562697698,0.753129277,93.76508862,127.8256709,0.220209462,8.961412258,26.07086545,0.960368771,0.1346256
202,45,0.1,40,0.767663317,0.40824829,0.259898934,0.530516477,57.28295119,66.38305441,0.094074477,4.216113699,12.36058355,0.889855206,0.0183064
203,45,0.1,40,0.807248973,0.440225453,0.314147679,0.572464291,76.15565953,109.2103435,0.240197129,7.183776169,23.35754854,0.881379797,0.06690056
204,45,0.1,40,0.849754169,0.447213595,0.284705017,0.509295818,69.17661627,100.0192875,0.193176101,4.181274146,9.478619667,0.888503346,0.04952132
205,45,0.1,40,0.761618473,0.333333333,0.282942121,0.565884242,57.45536716,71.46651851,0.102670136,2.998935801,7.133542639,0.850652007,0.02097169
206,45,0.1,40,0.798975017,0.421075961,0.549819004,0.840001313,78.72593872,118.5468372,0.289521999,6.389695692,19.6142601,1.126445674,0.08612851
207,45,0.1,40,0.836593725,0.447213595,0.569410035,0.821174538,69.28625189,99.46530809,0.226310696,5.981481988,25.26227715,1.134252782,0.05578605
208,45,0.1,40,0.718516797,0.301511345,0.157048432,0.405121673,56.18254543,62.6051666,0.128082325,2.196427196,8.15741497,1.023743868,0.01375326
209,45,0.1,40,0.752255969,0.313727903,0.170552898,0.408827807,62.17346381,82.79159595,0.16551242,2.999235733,13.09886029,1.291420703,0.02851802
210,45,0.1,40,0.784225984,0.316227766,0.150987636,0.361564983,61.38311818,83.66647663,0.154301505,2.757203778,7.256662485,1.024320027,0.02086104
211,45,0.1,40,0.725820022,0.267261242,0.218756303,0.50020125,56.19676539,62.88459628,0.073422702,2.210055278,6.297260009,0.843184105,0.01009899
212,45,0.1,40,0.757902263,0.30656967,0.318285768,0.615080006,65.89822079,96.23084997,0.210637247,3.714350784,14.77912559,1.099662955,0.052868
213,45,0.1,40,0.785582178,0.316227766,0.301975273,0.572957795,59.90678959,82.2626688,0.185704511,4.222338721,17.3496142,1.458784678,0.03584758
214,45,0.1,40,0.697468411,0.229415734,0.207545578,0.502594557,55.82982457,67.13936881,0.090060905,1.733575786,7.641975912,1.133536211,0.01608731
215,45,0.1,40,0.724535006,0.295656198,0.428234729,0.784142904,62.42468011,96.62058404,0.228157308,2.907377841,11.08853417,1.58909433,0.04189278
216,45,0.1,40,0.742659835,0.316227766,0.452962909,0.794179167,59.50444605,87.42830488,0.191053129,2.755283272,11.12392414,1.357704915,0.02773987
217,45,0.3,20,0.805995977,0.577350269,0.367552597,0.636619772,86.92856577,94.38864542,0.06162922,10.14128404,21.29884907,0.576963399,0.007348496
218,45,0.3,20,0.851298292,0.680413817,0.579959658,0.816927334,132.465583,203.7170572,0.26605337,20.52523059,54.03800007,0.813927783,0.07555498
219,45,0.3,20,0.904997185,0.707106781,0.562697698,0.753129277,102.9302468,123.5442668,0.136138804,12.8133959,30.30462808,0.652840899,0.03142189
220,45,0.3,20,0.767663317,0.40824829,0.259898934,0.530516477,77.89228589,86.80690027,0.07644245,5.417218903,14.0834864,0.718677717,0.004449969
221,45,0.3,20,0.807248973,0.440225453,0.314147679,0.572464291,85.67889222,102.7670571,0.134358174,7.931462576,27.54492869,0.942517598,0.01743843
222,45,0.3,20,0.849754169,0.447213595,0.284705017,0.509295818,89.09864003,106.7309074,0.118905706,8.238702193,21.18947752,0.709400886,0.01575338
223,45,0.3,20,0.761618473,0.333333333,0.282942121,0.565884242,77.2156605,79.66651261,0.030542186,3.891481833,9.643491387,0.673897355,0.005303925
224,45,0.3,20,0.798975017,0.421075961,0.549819004,0.840001313,84.87178151,119.8146772,0.176440969,5.767543109,22.59339512,1.094039411,0.02214207
225,45,0.3,20,0.836593725,0.447213595,0.569410035,0.821174538,79.56727495,98.50389733,0.134260361,5.144246314,11.24109308,0.724736669,0.014894
226,45,0.3,20,0.718516797,0.301511345,0.157048432,0.405121673,77.16475763,85.64532568,0.057075333,2.939501731,7.077775133,0.76368371,0.003129224
227,45,0.3,20,0.752255969,0.313727903,0.170552898,0.408827807,84.05545529,105.2202249,0.140995765,5.049413556,12.07560837,0.948171722,0.01431046
228,45,0.3,20,0.784225984,0.316227766,0.150987636,0.361564983,87.45368961,102.7042039,0.111153196,5.709736596,11.7108632,0.676527617,0.008758361
229,45,0.3,20,0.725820022,0.267261242,0.218756303,0.50020125,78.17254408,81.45861306,0.036629186,3.6966538,10.60848302,0.780474319,0.005226681
230,45,0.3,20,0.757902263,0.30656967,0.318285768,0.615080006,79.79513191,104.8754882,0.159747357,4.905485211,15.67589647,1.184418522,0.01695399
231,45,0.3,20,0.785582178,0.316227766,0.301975273,0.572957795,77.12442964,82.66675162,0.058465255,3.138472018,7.669264144,0.811671539,0.008685375
232,45,0.3,20,0.697468411,0.229415734,0.207545578,0.502594557,80.11071359,87.57821799,0.080920609,2.868078513,7.348819324,0.922045538,0.007641458
233,45,0.3,20,0.724535006,0.295656198,0.428234729,0.784142904,78.73795805,90.29759666,0.078411016,3.209262121,8.390179477,1.070188507,0.01462252
234,45,0.3,20,0.742659835,0.316227766,0.452962909,0.794179167,78.12085693,85.24568355,0.075808223,2.622022434,6.997318297,0.810724181,0.006854103
235,45,0.3,30,0.805995977,0.577350269,0.367552597,0.636619772,76.57535368,100.2564225,0.155366078,9.332421495,24.05470942,0.709251332,0.02950919
236,45,0.3,30,0.851298292,0.680413817,0.579959658,0.816927334,143.3455729,228.3266945,0.350847663,25.05917786,76.02552642,0.843792152,0.1583446
237,45,0.3,30,0.904997185,0.707106781,0.562697698,0.753129277,106.6854233,150.9186248,0.236758717,14.76338536,30.10407712,0.695220072,0.1338076
238,45,0.3,30,0.767663317,0.40824829,0.259898934,0.530516477,67.43607457,94.32454108,0.17996005,8.344990976,19.4110612,0.619528259,0.03001669
239,45,0.3,30,0.807248973,0.440225453,0.314147679,0.572464291,79.85729236,116.0844764,0.237147977,8.454126084,28.61293345,0.947103254,0.06577505
240,45,0.3,30,0.849754169,0.447213595,0.284705017,0.509295818,81.45494619,114.8607861,0.216192122,9.286276258,21.95590466,0.907534919,0.06503002
241,45,0.3,30,0.761618473,0.333333333,0.282942121,0.565884242,65.04929757,91.74243303,0.19933635,5.902162587,17.93808622,1.056657047,0.03254219
242,45,0.3,30,0.798975017,0.421075961,0.549819004,0.840001313,83.6082625,130.385671,0.297977958,11.14580254,33.23879937,0.926593053,0.07001292
243,45,0.3,30,0.836593725,0.447213595,0.569410035,0.821174538,75.03761035,116.2565832,0.27394017,8.045754769,18.29269392,0.864965569,0.0495214
244,45,0.3,30,0.718516797,0.301511345,0.157048432,0.405121673,60.263149,68.69081112,0.09005048,3.416158722,8.853057973,0.791688956,0.01086662
245,45,0.3,30,0.752255969,0.313727903,0.170552898,0.408827807,70.68600271,98.21279943,0.222378571,6.601408338,23.64302706,0.912647376,0.03779633
246,45,0.3,30,0.784225984,0.316227766,0.150987636,0.361564983,70.61832072,86.01667103,0.154595679,6.506967739,13.73394991,0.868415001,0.03390157
247,45,0.3,30,0.725820022,0.267261242,0.218756303,0.50020125,61.59634384,83.95329725,0.168124584,3.898556728,15.72672339,0.862177519,0.01746238
248,45,0.3,30,0.757902263,0.30656967,0.318285768,0.615080006,72.44418459,106.90864,0.294175134,6.935713261,29.21467168,1.150030602,0.05557905
249,45,0.3,30,0.785582178,0.316227766,0.301975273,0.572957795,65.82896669,96.29491535,0.198890954,4.123400613,12.01250884,1.076601052,0.02884983
250,45,0.3,30,0.697468411,0.229415734,0.207545578,0.502594557,61.77511913,87.34776326,0.171819549,3.653052493,8.560362226,1.331633158,0.02460052
251,45,0.3,30,0.724535006,0.295656198,0.428234729,0.784142904,68.42021518,101.3306294,0.258931115,5.413275517,20.43084059,1.07053329,0.04905015
252,45,0.3,30,0.742659835,0.316227766,0.452962909,0.794179167,66.43060653,99.11795542,0.240945938,3.784805367,12.93912021,1.272269032,0.0355856
253,45,0.3,40,0.805995977,0.577350269,0.367552597,0.636619772,79.11658395,124.7897136,0.276002238,12.85160601,38.47511092,0.795819137,0.1018218
254,45,0.3,40,0.851298292,0.680413817,0.579959658,0.816927334,146.8565388,222.3003393,0.303953584,36.90610405,104.7224657,0.693859414,0.2160776
255,45,0.3,40,0.904997185,0.707106781,0.562697698,0.753129277,110.443662,158.2531147,0.261898826,23.79012703,64.0097494,0.773508246,0.1775382
256,45,0.3,40,0.767663317,0.40824829,0.259898934,0.530516477,66.14245563,122.0309231,0.333243879,9.466066701,27.36883446,1.004036665,0.05234736
257,45,0.3,40,0.807248973,0.440225453,0.314147679,0.572464291,85.4844883,135.8262621,0.3018842,17.39969994,46.32178061,0.826810525,0.1438367
258,45,0.3,40,0.849754169,0.447213595,0.284705017,0.509295818,86.68205132,116.8346903,0.226988213,13.49630818,36.67754602,0.762073274,0.1396622
259,45,0.3,40,0.761618473,0.333333333,0.282942121,0.565884242,66.89752675,100.4569216,0.33505951,9.373782534,29.29149926,0.874477815,0.06547834
260,45,0.3,40,0.798975017,0.421075961,0.549819004,0.840001313,92.17664761,142.4315206,0.328841353,18.15473113,58.71401831,0.94767258,0.1396817
261,45,0.3,40,0.836593725,0.447213595,0.569410035,0.821174538,88.07209,126.1602205,0.285575494,15.24688948,41.80128507,0.879009013,0.1244304
262,45,0.3,40,0.718516797,0.301511345,0.157048432,0.405121673,57.30164454,81.44350875,0.213995902,5.941240091,26.33180549,1.024735201,0.03259032
263,45,0.3,40,0.752255969,0.313727903,0.170552898,0.408827807,66.40426952,96.64672175,0.215302225,9.867889769,33.06566631,0.894456147,0.09874249
264,45,0.3,40,0.784225984,0.316227766,0.150987636,0.361564983,69.45248036,109.309615,0.258849093,8.513786115,28.36804116,0.945856616,0.09500094
265,45,0.3,40,0.725820022,0.267261242,0.218756303,0.50020125,61.31112605,106.6850723,0.31860174,7.794485609,35.56236644,1.111012065,0.0532319
266,45,0.3,40,0.757902263,0.30656967,0.318285768,0.615080006,73.65349474,111.7257072,0.298754785,9.390344649,34.30469428,1.073056614,0.1159
267,45,0.3,40,0.785582178,0.316227766,0.301975273,0.572957795,72.13534588,111.7788607,0.313067754,10.04837927,45.91789071,1.230135064,0.08852259
268,45,0.3,40,0.697468411,0.229415734,0.207545578,0.502594557,62.08392496,111.7200795,0.31460874,6.589323304,34.54888658,1.293716578,0.05875321
269,45,0.3,40,0.724535006,0.295656198,0.428234729,0.784142904,76.90255988,125.6053555,0.359573435,11.43895148,42.84823238,1.008755191,0.08917067
270,45,0.3,40,0.742659835,0.316227766,0.452962909,0.794179167,65.5926235,107.9523541,0.308494207,7.363046287,41.81381001,1.491418645,0.06151289
271,45,0.5,20,0.805995977,0.577350269,0.367552597,0.636619772,97.1319306,122.9896273,0.138858358,15.85237592,29.52619781,0.571976239,0.01734778
272,45,0.5,20,0.851298292,0.680413817,0.579959658,0.816927334,164.4990444,257.601063,0.312909444,25.36105379,95.92477764,0.893881457,0.1034224
273,45,0.5,20,0.904997185,0.707106781,0.562697698,0.753129277,115.9307053,163.052156,0.205720105,22.23850493,46.8601331,0.671780922,0.0519448
274,45,0.5,20,0.767663317,0.40824829,0.259898934,0.530516477,82.63042367,96.92498003,0.144896941,7.443689226,17.36463794,0.84954353,0.01126163
275,45,0.5,20,0.807248973,0.440225453,0.314147679,0.572464291,94.70342373,124.5192976,0.206163617,16.48076759,45.8167862,0.84513601,0.03654384
276,45,0.5,20,0.849754169,0.447213595,0.284705017,0.509295818,95.89105152,124.7486742,0.19006651,11.77507979,34.64455085,0.910831438,0.03228964
277,45,0.5,20,0.761618473,0.333333333,0.282942121,0.565884242,80.76526964,114.6018828,0.182028424,6.749877796,27.33102358,0.887874514,0.01835997
278,45,0.5,20,0.798975017,0.421075961,0.549819004,0.840001313,90.07463751,132.0245936,0.24503275,11.02646421,53.82319376,1.138740999,0.03571327
279,45,0.5,20,0.836593725,0.447213595,0.569410035,0.821174538,86.8331474,128.8897142,0.21134602,8.966340185,24.51959844,0.93886722,0.0259944
280,45,0.5,20,0.718516797,0.301511345,0.157048432,0.405121673,77.09337564,84.46300045,0.076611487,4.079053598,8.549811671,0.625821734,0.005162623
281,45,0.5,20,0.752255969,0.313727903,0.170552898,0.408827807,86.42562745,114.2611916,0.188662568,7.851560051,25.11965454,0.935056391,0.02619794
282,45,0.5,20,0.784225984,0.316227766,0.150987636,0.361564983,85.47394158,105.4676969,0.1482696,8.309511565,15.2995123,0.876596537,0.02192545
283,45,0.5,20,0.725820022,0.267261242,0.218756303,0.50020125,78.05915134,88.73363261,0.084326953,6.320746007,14.9176171,0.84561032,0.01101029
284,45,0.5,20,0.757902263,0.30656967,0.318285768,0.615080006,82.57382303,112.3372796,0.195852766,6.472677273,28.28632215,1.056683203,0.01948246
285,45,0.5,20,0.785582178,0.316227766,0.301975273,0.572957795,82.29303742,114.5681613,0.203055558,4.329032348,10.53821265,1.058441574,0.01960246
286,45,0.5,20,0.697468411,0.229415734,0.207545578,0.502594557,79.39869451,97.0471947,0.119058319,4.535185679,12.65330728,0.928662486,0.009555301
287,45,0.5,20,0.724535006,0.295656198,0.428234729,0.784142904,82.28547324,117.1473525,0.19482939,4.366212176,22.52296723,1.137244543,0.01765989
288,45,0.5,20,0.742659835,0.316227766,0.452962909,0.794179167,79.89078672,90.70029136,0.120947558,3.684039217,6.203092955,1.134211881,0.01257936
289,45,0.5,30,0.805995977,0.577350269,0.367552597,0.636619772,88.89364841,131.5407763,0.23863089,14.48444078,37.18859943,0.784779648,0.06789429
290,45,0.5,30,0.851298292,0.680413817,0.579959658,0.816927334,172.5852855,268.7286376,0.335248541,38.74321467,105.8303276,0.72752702,0.1702046
291,45,0.5,30,0.904997185,0.707106781,0.562697698,0.753129277,119.6324766,181.4288646,0.320426025,24.90914343,63.2289163,0.806969497,0.1274648
292,45,0.5,30,0.767663317,0.40824829,0.259898934,0.530516477,72.78539802,121.7015409,0.28429673,14.25032066,42.31102689,0.747567117,0.03490203
293,45,0.5,30,0.807248973,0.440225453,0.314147679,0.572464291,99.89684181,166.203244,0.334504026,21.93414288,64.44434827,0.828721435,0.1217557
294,45,0.5,30,0.849754169,0.447213595,0.284705017,0.509295818,89.34261149,130.9456802,0.251064549,14.26134574,33.43534608,0.781881645,0.07938809
295,45,0.5,30,0.761618473,0.333333333,0.282942121,0.565884242,74.12728327,123.2232197,0.359208574,11.30680446,30.82994336,0.892247001,0.05375034
296,45,0.5,30,0.798975017,0.421075961,0.549819004,0.840001313,102.0982675,170.6557842,0.364765484,23.65233569,71.75450256,0.862339619,0.1104589
297,45,0.5,30,0.836593725,0.447213595,0.569410035,0.821174538,91.42038203,142.3035735,0.299321917,16.66187633,47.51751901,0.962590732,0.07617064
298,45,0.5,30,0.718516797,0.301511345,0.157048432,0.405121673,61.65921184,82.45174186,0.199529328,6.567031689,20.5628496,0.73006982,0.02103139
299,45,0.5,30,0.752255969,0.313727903,0.170552898,0.408827807,76.66809027,117.0657092,0.249349873,13.83769141,41.91424333,0.949675567,0.0759632
300,45,0.5,30,0.784225984,0.316227766,0.150987636,0.361564983,75.14505072,104.4475235,0.249915131,10.11022306,26.3019643,0.915808004,0.07182057
301,45,0.5,30,0.725820022,0.267261242,0.218756303,0.50020125,66.82512361,111.2193313,0.27511786,8.953202212,33.45253346,1.023949816,0.04382252
302,45,0.5,30,0.757902263,0.30656967,0.318285768,0.615080006,76.45978167,125.6182278,0.329433221,14.53551524,42.3939933,0.960020827,0.06481722
303,45,0.5,30,0.785582178,0.316227766,0.301975273,0.572957795,74.56144036,130.3174222,0.378070256,10.1149698,28.67061112,1.149501044,0.04320451
304,45,0.5,30,0.697468411,0.229415734,0.207545578,0.502594557,69.17673648,119.6463448,0.328283868,6.893348343,22.99248203,0.99329289,0.0358701
305,45,0.5,30,0.724535006,0.295656198,0.428234729,0.784142904,73.8271593,131.9098068,0.357112306,10.69467423,34.45562097,1.151252741,0.05837102
306,45,0.5,30,0.742659835,0.316227766,0.452962909,0.794179167,70.07500142,122.6070494,0.332269546,8.482750627,28.58315542,0.963071143,0.03708289
307,45,0.5,40,0.805995977,0.577350269,0.367552597,0.636619772,99.57266517,168.0053496,0.337781505,28.84239736,68.83072989,0.740833816,0.09770331
308,45,0.5,40,0.851298292,0.680413817,0.579959658,0.816927334,148.2834909,241.8724952,0.377331858,51.79354859,135.7200193,0.684502744,0.1584651
309,45,0.5,40,0.904997185,0.707106781,0.562697698,0.753129277,115.6755116,182.3798976,0.35939791,37.7762896,88.98222122,0.787439029,0.1334516
310,45,0.5,40,0.767663317,0.40824829,0.259898934,0.530516477,73.76267127,126.3802178,0.37637525,14.71550292,65.32098545,1.037952629,0.06036357
311,45,0.5,40,0.807248973,0.440225453,0.314147679,0.572464291,100.5271433,163.6508047,0.339131983,28.53820912,73.77175104,0.764346475,0.1229962
312,45,0.5,40,0.849754169,0.447213595,0.284705017,0.509295818,97.544825,170.3634894,0.344561221,23.67532759,60.7333386,0.808434471,0.1253958
313,45,0.5,40,0.761618473,0.333333333,0.282942121,0.565884242,74.06468855,125.591608,0.363646687,17.77661943,66.50608854,1.034096455,0.071764
314,45,0.5,40,0.798975017,0.421075961,0.549819004,0.840001313,103.0515304,179.9137743,0.373798989,31.97750397,76.95255313,0.721791942,0.142623
315,45,0.5,40,0.836593725,0.447213595,0.569410035,0.821174538,100.0299322,154.5465032,0.320005006,29.06730232,68.67939001,0.885217056,0.1154777
316,45,0.5,40,0.718516797,0.301511345,0.157048432,0.405121673,60.18481852,103.8467672,0.315362441,8.731344019,44.64483438,1.219688304,0.04708746
317,45,0.5,40,0.752255969,0.313727903,0.170552898,0.408827807,79.39078935,127.8459151,0.291854502,17.01542428,36.77809381,0.852134317,0.1261966
318,45,0.5,40,0.784225984,0.316227766,0.150987636,0.361564983,72.93101769,121.9787585,0.316807335,15.48868249,50.67786794,0.907852067,0.09741342
319,45,0.5,40,0.725820022,0.267261242,0.218756303,0.50020125,74.79822404,129.601024,0.378508832,19.48641411,72.74926773,1.086304315,0.0710731
320,45,0.5,40,0.757902263,0.30656967,0.318285768,0.615080006,83.25331732,137.9277375,0.340948472,16.87572918,44.34952065,0.781939622,0.1127732
321,45,0.5,40,0.785582178,0.316227766,0.301975273,0.572957795,86.45191952,136.1056071,0.328088155,18.54954733,62.66910965,1.02003468,0.1033802
322,45,0.5,40,0.697468411,0.229415734,0.207545578,0.502594557,78.88566818,146.8211856,0.447457615,14.00080674,50.57442861,1.104692842,0.07807361
323,45,0.5,40,0.724535006,0.295656198,0.428234729,0.784142904,80.63596561,147.1068384,0.421638919,15.3630037,57.87658181,1.110506915,0.09834707
324,45,0.5,40,0.742659835,0.316227766,0.452962909,0.794179167,80.07048624,139.6409733,0.410385971,15.18319381,45.95533404,1.235465897,0.07154602
325,60,0.1,20,0.805995977,0.577350269,0.367552597,0.636619772,64.32003097,70.56309368,0.062110128,4.983417519,7.203836934,0.335913959,0.012050
326,60,0.1,20,0.851298292,0.680413817,0.579959658,0.816927334,69.08417594,93.31404523,0.228605602,7.313495701,19.22657012,0.681149799,0.03165824
327,60,0.1,20,0.904997185,0.707106781,0.562697698,0.753129277,61.14114011,79.20848239,0.185437226,4.238954924,9.534022627,0.599357628,0.01493414
328,60,0.1,20,0.767663317,0.40824829,0.259898934,0.530516477,54.82560753,61.64107949,0.072761106,4.850805363,8.00714739,0.50467209,0.01120372
329,60,0.1,20,0.807248973,0.440225453,0.314147679,0.572464291,56.3744913,74.24519288,0.157386778,5.798746236,13.04452262,0.65859603,0.02085809
330,60,0.1,20,0.849754169,0.447213595,0.284705017,0.509295818,55.70942601,71.17841936,0.137596334,5.067186997,10.30567135,0.626652449,0.01536913
331,60,0.1,20,0.761618473,0.333333333,0.282942121,0.565884242,55.25005033,66.6031041,0.095199743,4.288456607,9.388606363,0.545231883,0.00850013
332,60,0.1,20,0.798975017,0.421075961,0.549819004,0.840001313,54.5226026,74.01317154,0.166087156,5.367585454,15.35974805,0.87155618,0.01679176
333,60,0.1,20,0.836593725,0.447213595,0.569410035,0.821174538,53.4776145,58.55107152,0.077509791,2.764261468,6.782309348,0.757273191,0.00983093
334,60,0.1,20,0.718516797,0.301511345,0.157048432,0.405121673,52.07735436,63.89874558,0.108545324,3.938723319,6.61316119,0.391574595,0.005955368
335,60,0.1,20,0.752255969,0.313727903,0.170552898,0.408827807,58.64079978,78.70317695,0.196119623,4.598267206,10.55549823,0.738940121,0.02343974
336,60,0.1,20,0.784225984,0.316227766,0.150987636,0.361564983,55.92288141,74.70494423,0.168116855,4.03059904,9.372642173,0.617783148,0.01413168
337,60,0.1,20,0.725820022,0.267261242,0.218756303,0.50020125,53.12568716,62.55920455,0.08942955,3.775320807,9.435095359,0.509285807,0.005912845
338,60,0.1,20,0.757902263,0.30656967,0.318285768,0.615080006,55.45394549,70.11825443,0.156266327,5.726180704,12.48998601,0.585163939,0.01713327
339,60,0.1,20,0.785582178,0.316227766,0.301975273,0.572957795,51.5943873,59.21461843,0.098020275,2.387197197,5.255300901,0.740621415,0.008065776
340,60,0.1,20,0.697468411,0.229415734,0.207545578,0.502594557,51.11058738,55.83426757,0.060381799,2.859338307,4.5475272,0.485625504,0.0036489
341,60,0.1,20,0.724535006,0.295656198,0.428234729,0.784142904,51.45531526,54.44701284,0.051625037,4.007585372,8.636138024,0.679360237,0.009923516
342,60,0.1,20,0.742659835,0.316227766,0.452962909,0.794179167,53.21872653,59.14621315,0.093810273,2.11158314,4.438201649,0.595149939,0.005696455
343,60,0.1,30,0.805995977,0.577350269,0.367552597,0.636619772,52.07253475,59.95689194,0.105308881,4.949371267,9.241777067,0.396325019,0.0112202
344,60,0.1,30,0.851298292,0.680413817,0.579959658,0.816927334,78.34731469,112.9139797,0.276337014,10.92628018,24.98821936,0.761238414,0.07318461
345,60,0.1,30,0.904997185,0.707106781,0.562697698,0.753129277,59.37499089,83.24997536,0.24901934,6.620244629,16.70202091,0.801505775,0.03693038
346,60,0.1,30,0.767663317,0.40824829,0.259898934,0.530516477,46.37329897,52.75992265,0.080483436,5.239135321,10.4288592,0.583702069,0.01605339
347,60,0.1,30,0.807248973,0.440225453,0.314147679,0.572464291,53.37971288,71.43888726,0.19539122,6.371114954,12.9517623,0.766780224,0.03729218
348,60,0.1,30,0.849754169,0.447213595,0.284705017,0.509295818,47.54179112,63.15984055,0.17518419,5.111573282,12.07924488,0.732446939,0.02464827
349,60,0.1,30,0.761618473,0.333333333,0.282942121,0.565884242,46.6084545,51.68647045,0.090861974,3.622792564,7.805892275,0.615525962,0.01381818
350,60,0.1,30,0.798975017,0.421075961,0.549819004,0.840001313,51.03766103,81.29077427,0.253327305,6.980709375,17.34163765,0.746065363,0.03024224
351,60,0.1,30,0.836593725,0.447213595,0.569410035,0.821174538,47.92619353,67.92191921,0.185532207,4.43273789,12.44929963,0.831094388,0.0233967
352,60,0.1,30,0.718516797,0.301511345,0.157048432,0.405121673,43.5743778,51.89556329,0.091070402,4.018820937,8.72219394,0.551471378,0.009798235
353,60,0.1,30,0.752255969,0.313727903,0.170552898,0.408827807,50.36671648,70.61806445,0.210153633,4.875683556,11.46373023,0.671401323,0.02756436
354,60,0.1,30,0.784225984,0.316227766,0.150987636,0.361564983,46.66267441,60.65656481,0.180763361,3.771875367,8.134934201,0.728174237,0.0182512
355,60,0.1,30,0.725820022,0.267261242,0.218756303,0.50020125,44.17724373,48.70283847,0.100493898,4.296376214,7.844176785,0.597438352,0.01271913
356,60,0.1,30,0.757902263,0.30656967,0.318285768,0.615080006,46.36734066,66.32587419,0.214544565,4.878528444,11.40154995,0.778436485,0.02108169
357,60,0.1,30,0.785582178,0.316227766,0.301975273,0.572957795,42.39823416,56.29212953,0.165570234,2.868309596,7.470432142,1.043881524,0.01439835
358,60,0.1,30,0.697468411,0.229415734,0.207545578,0.502594557,43.12366646,48.87566911,0.081789263,4.004101209,7.782975327,0.527095478,0.01102594
359,60,0.1,30,0.724535006,0.295656198,0.428234729,0.784142904,42.38196465,61.57655998,0.199319222,4.22666108,12.40598829,0.890621738,0.01401578
360,60,0.1,30,0.742659835,0.316227766,0.452962909,0.794179167,41.42616625,57.74904011,0.1732696,2.656903227,5.903890945,1.025463277,0.009193191
361,60,0.1,40,0.805995977,0.577350269,0.367552597,0.636619772,48.99744103,58.7121414,0.188060396,5.197643804,11.43811773,0.621310103,0.01549342
362,60,0.1,40,0.851298292,0.680413817,0.579959658,0.816927334,85.7040311,128.4164612,0.312609278,14.32531813,35.22789589,0.738928979,0.1314022
363,60,0.1,40,0.904997185,0.707106781,0.562697698,0.753129277,61.60216668,92.10097869,0.271467124,7.735122351,24.24615996,0.932586168,0.1013392
364,60,0.1,40,0.767663317,0.40824829,0.259898934,0.530516477,43.22987117,59.03302619,0.149973758,5.707595546,12.70916571,0.71060329,0.02772345
365,60,0.1,40,0.807248973,0.440225453,0.314147679,0.572464291,54.94460038,81.21580325,0.244848945,7.873240281,21.45374505,0.817956559,0.07288439
366,60,0.1,40,0.849754169,0.447213595,0.284705017,0.509295818,49.55187353,72.96052297,0.237174193,5.277493684,11.06859805,0.785573594,0.04854911
367,60,0.1,40,0.761618473,0.333333333,0.282942121,0.565884242,41.95506804,50.53691997,0.140484422,4.535925887,12.48104506,0.778435249,0.02101217
368,60,0.1,40,0.798975017,0.421075961,0.549819004,0.840001313,58.81918825,89.77205293,0.328443919,9.789972347,29.8024848,0.847904908,0.07174052
369,60,0.1,40,0.836593725,0.447213595,0.569410035,0.821174538,47.95104104,76.58526398,0.306621264,6.094260052,21.15160412,0.966629762,0.05702306
370,60,0.1,40,0.718516797,0.301511345,0.157048432,0.405121673,39.59896304,46.71955077,0.093053159,4.672694483,10.90960933,0.80452428,0.01492104
371,60,0.1,40,0.752255969,0.313727903,0.170552898,0.408827807,48.73791979,71.26097893,0.236386081,5.919246791,15.29172631,0.764172665,0.04333338
372,60,0.1,40,0.784225984,0.316227766,0.150987636,0.361564983,45.40245508,71.58947341,0.254607142,5.051661339,11.55495867,0.752462427,0.03770091
373,60,0.1,40,0.725820022,0.267261242,0.218756303,0.50020125,42.63255437,55.35315699,0.133087772,6.1029825,14.8103698,0.725263764,0.02549
374,60,0.1,40,0.757902263,0.30656967,0.318285768,0.615080006,46.77934312,74.31166482,0.278603179,6.797164839,14.72306747,0.887305362,0.04846282
375,60,0.1,40,0.785582178,0.316227766,0.301975273,0.572957795,40.99356005,59.85545029,0.305225862,4.392031284,13.79514485,1.091157663,0.03455
376,60,0.1,40,0.697468411,0.229415734,0.207545578,0.502594557,41.32189204,54.00509889,0.18450813,6.057582522,12.7875016,0.650814767,0.02283341
377,60,0.1,40,0.724535006,0.295656198,0.428234729,0.784142904,45.67953823,75.34709866,0.322870118,7.166642741,16.08542338,0.75563762,0.04613
378,60,0.1,40,0.742659835,0.316227766,0.452962909,0.794179167,42.16223535,78.91050807,0.390758104,5.090464971,16.84053388,1.038390989,0.03697941
379,60,0.3,20,0.805995977,0.577350269,0.367552597,0.636619772,65.60282015,80.91543174,0.156869559,10.23680608,20.63047056,0.475415096,0.02875219
380,60,0.3,20,0.851298292,0.680413817,0.579959658,0.816927334,88.19188456,140.0135366,0.334578724,16.21949125,42.73817645,0.799683692,0.05629527
381,60,0.3,20,0.904997185,0.707106781,0.562697698,0.753129277,68.3662178,95.95588583,0.295886121,10.44493838,26.61425786,0.780699201,0.04297484
382,60,0.3,20,0.767663317,0.40824829,0.259898934,0.530516477,55.96081178,65.88288321,0.125167573,11.95654089,27.25983789,0.614667242,0.02212405
383,60,0.3,20,0.807248973,0.440225453,0.314147679,0.572464291,59.53062192,80.82067779,0.244993784,11.13287208,22.32512966,0.659680512,0.04667838
384,60,0.3,20,0.849754169,0.447213595,0.284705017,0.509295818,55.9159494,77.35088867,0.229308584,9.720908845,24.61525264,0.761236452,0.03493949
385,60,0.3,20,0.761618473,0.333333333,0.282942121,0.565884242,51.61482889,60.75863831,0.119007286,9.9587767,19.74308612,0.552730236,0.02132911
386,60,0.3,20,0.798975017,0.421075961,0.549819004,0.840001313,56.50588349,91.27300166,0.324716375,9.793307065,31.63295549,0.819862862,0.03467069
387,60,0.3,20,0.836593725,0.447213595,0.569410035,0.821174538,58.40388229,82.78335697,0.224927752,7.775033993,18.86929037,0.810369756,0.03253081
388,60,0.3,20,0.718516797,0.301511345,0.157048432,0.405121673,48.65394986,55.02403966,0.124936077,8.054307098,16.89129481,0.60406994,0.01452614
389,60,0.3,20,0.752255969,0.313727903,0.170552898,0.408827807,56.79583337,80.76037927,0.247805714,10.52449725,29.69818308,0.758073347,0.04225976
390,60,0.3,20,0.784225984,0.316227766,0.150987636,0.361564983,54.42146267,78.77145146,0.202152607,9.175995567,16.85595273,0.516683861,0.02890892
391,60,0.3,20,0.725820022,0.267261242,0.218756303,0.50020125,47.5040561,55.84400376,0.162846337,7.038059452,14.69290955,0.545859843,0.01715185
392,60,0.3,20,0.757902263,0.30656967,0.318285768,0.615080006,50.32190572,77.41972889,0.258370331,9.618869392,23.92528993,0.699330824,0.0264548
393,60,0.3,20,0.785582178,0.316227766,0.301975273,0.572957795,47.53784815,70.36185553,0.18517763,6.560475672,23.62891466,0.878578231,0.01934541
394,60,0.3,20,0.697468411,0.229415734,0.207545578,0.502594557,46.11869677,51.08276864,0.159252785,7.074308331,13.0385182,0.446747474,0.01351371
395,60,0.3,20,0.724535006,0.295656198,0.428234729,0.784142904,46.65684802,64.06468146,0.203052162,6.717503481,18.41809715,0.85339879,0.02185179
396,60,0.3,20,0.742659835,0.316227766,0.452962909,0.794179167,47.49257134,67.57838643,0.182905405,4.047484714,15.09773329,1.049819126,0.01543215
397,60,0.3,30,0.805995977,0.577350269,0.367552597,0.636619772,57.88668349,81.61909909,0.235320976,9.746017698,23.62126519,0.616208181,0.03253696
398,60,0.3,30,0.851298292,0.680413817,0.579959658,0.816927334,93.03564993,155.9492551,0.42176047,23.69398144,61.91126867,0.783874414,0.12126
399,60,0.3,30,0.904997185,0.707106781,0.562697698,0.753129277,74.00883063,118.4505316,0.345010977,15.33728183,34.89117736,0.767299529,0.09926499
400,60,0.3,30,0.767663317,0.40824829,0.259898934,0.530516477,53.69621154,75.2186407,0.256829494,12.6009547,30.06271741,0.711609841,0.0327292
401,60,0.3,30,0.807248973,0.440225453,0.314147679,0.572464291,60.39574885,96.363327,0.333111035,15.38852377,51.73899386,0.814301245,0.07784506
402,60,0.3,30,0.849754169,0.447213595,0.284705017,0.509295818,57.60473721,89.24012969,0.262181366,11.62077762,30.76464668,0.695852039,0.05189307
403,60,0.3,30,0.761618473,0.333333333,0.282942121,0.565884242,49.54827384,80.24623157,0.252232184,9.476169562,23.04676414,0.735608547,0.03706912
404,60,0.3,30,0.798975017,0.421075961,0.549819004,0.840001313,65.53396252,113.9889202,0.417413534,13.21287912,38.52371783,0.806141498,0.06946415
405,60,0.3,30,0.836593725,0.447213595,0.569410035,0.821174538,54.10760594,92.74299212,0.343126828,10.59213662,40.49450442,0.834466529,0.05139286
406,60,0.3,30,0.718516797,0.301511345,0.157048432,0.405121673,44.58625578,62.87503215,0.233488599,10.24082007,22.39615539,0.755056109,0.02360254
407,60,0.3,30,0.752255969,0.313727903,0.170552898,0.408827807,49.77012767,68.32996769,0.234927382,9.718837861,24.07354455,0.76069499,0.05146457
408,60,0.3,30,0.784225984,0.316227766,0.150987636,0.361564983,47.07098087,68.8988055,0.253742402,8.234258737,24.67038583,0.856230686,0.03772145
409,60,0.3,30,0.725820022,0.267261242,0.218756303,0.50020125,45.68680934,62.86177503,0.33612257,10.27703014,22.94106243,0.687579537,0.02499851
410,60,0.3,30,0.757902263,0.30656967,0.318285768,0.615080006,53.38131196,99.80556022,0.432046218,11.29073965,23.01618105,0.795579227,0.05519544
411,60,0.3,30,0.785582178,0.316227766,0.301975273,0.572957795,43.38484002,70.25732228,0.281122174,7.709329601,30.57740526,1.047532217,0.03721578
412,60,0.3,30,0.697468411,0.229415734,0.207545578,0.502594557,43.4309939,78.38842029,0.312127448,10.65939362,26.83306479,0.684883188,0.02779359
413,60,0.3,30,0.724535006,0.295656198,0.428234729,0.784142904,53.03690489,98.373843,0.442195924,11.69051567,35.65322723,0.766783775,0.04784431
414,60,0.3,30,0.742659835,0.316227766,0.452962909,0.794179167,47.34583534,92.29634415,0.403166497,7.135511903,26.20707342,0.959201844,0.03667879
415,60,0.3,40,0.805995977,0.577350269,0.367552597,0.636619772,54.54383969,94.68583691,0.389896418,14.78994626,52.15720909,0.901977305,0.08399556
416,60,0.3,40,0.851298292,0.680413817,0.579959658,0.816927334,102.3638279,171.4368756,0.396736422,37.0275476,84.70894068,0.708689023,0.1904388
417,60,0.3,40,0.904997185,0.707106781,0.562697698,0.753129277,77.31834135,127.972895,0.404935439,21.39713967,70.96456658,0.876858598,0.1596525
418,60,0.3,40,0.767663317,0.40824829,0.259898934,0.530516477,53.34540273,96.79359343,0.364820484,13.15755888,33.35283659,0.825679039,0.05964725
419,60,0.3,40,0.807248973,0.440225453,0.314147679,0.572464291,63.67962587,105.9972251,0.37612394,15.76888252,42.04082371,0.786115383,0.1235695
420,60,0.3,40,0.849754169,0.447213595,0.284705017,0.509295818,59.00288456,103.6097344,0.39466293,14.33232009,44.94092261,0.826888751,0.1119888
421,60,0.3,40,0.761618473,0.333333333,0.282942121,0.565884242,52.38718938,95.23384647,0.369174448,13.04043388,32.03462654,0.857429964,0.06739174
422,60,0.3,40,0.798975017,0.421075961,0.549819004,0.840001313,70.58460813,122.9899834,0.435854915,20.95261292,57.04247589,0.849649389,0.1190643
423,60,0.3,40,0.836593725,0.447213595,0.569410035,0.821174538,58.25124234,96.75950536,0.409022982,13.53926422,47.00462384,0.943876311,0.08427482
424,60,0.3,40,0.718516797,0.301511345,0.157048432,0.405121673,45.34650473,76.61795641,0.344565009,10.50849197,30.84955859,0.976519259,0.05146779
425,60,0.3,40,0.752255969,0.313727903,0.170552898,0.408827807,54.17131496,92.55157578,0.334954628,14.23735237,35.23503216,0.77590825,0.09163886
426,60,0.3,40,0.784225984,0.316227766,0.150987636,0.361564983,50.67309767,75.77155502,0.350755879,12.65987729,28.2008825,0.73833472,0.07276338
427,60,0.3,40,0.725820022,0.267261242,0.218756303,0.50020125,50.60844343,90.7018634,0.39631255,13.20504937,34.9697656,0.876349319,0.06132192
428,60,0.3,40,0.757902263,0.30656967,0.318285768,0.615080006,55.67318328,95.46686875,0.410531626,11.06126418,24.92576256,0.781111639,0.08828297
429,60,0.3,40,0.785582178,0.316227766,0.301975273,0.572957795,48.35254794,83.18156683,0.390441886,11.11158622,22.52446418,0.916595843,0.069797
430,60,0.3,40,0.697468411,0.229415734,0.207545578,0.502594557,51.4307206,94.151023,0.405376636,12.31601424,28.52324728,0.759198116,0.0644202
431,60,0.3,40,0.724535006,0.295656198,0.428234729,0.784142904,52.96896621,97.11276554,0.434767575,13.71967444,36.58886789,0.814267493,0.07949654
432,60,0.3,40,0.742659835,0.316227766,0.452962909,0.794179167,47.2064714,87.39302864,0.456749437,11.86159897,38.50919263,0.936590567,0.06311845
433,60,0.5,20,0.805995977,0.577350269,0.367552597,0.636619772,76.81202345,103.7425709,0.21805217,18.12627428,35.81970907,0.526211141,0.03911013
434,60,0.5,20,0.851298292,0.680413817,0.579959658,0.816927334,104.3146822,183.5871912,0.405967345,31.74325211,80.89278429,0.710361643,0.06830712
435,60,0.5,20,0.904997185,0.707106781,0.562697698,0.753129277,89.67959428,140.9000926,0.310067314,21.13810937,55.71668397,0.777101286,0.06786886
436,60,0.5,20,0.767663317,0.40824829,0.259898934,0.530516477,67.77964637,89.687331,0.224295178,18.00088559,45.46091191,0.752700821,0.02560826
437,60,0.5,20,0.807248973,0.440225453,0.314147679,0.572464291,70.83257956,111.2582052,0.319846075,18.68354143,46.20864249,0.78334499,0.0570631
438,60,0.5,20,0.849754169,0.447213595,0.284705017,0.509295818,75.87675793,121.8420973,0.344338148,14.48304222,29.8170434,0.726192289,0.05342655
439,60,0.5,20,0.761618473,0.333333333,0.282942121,0.565884242,61.18340383,98.88653627,0.289163511,18.5144109,37.00669392,0.562263759,0.03854259
440,60,0.5,20,0.798975017,0.421075961,0.549819004,0.840001313,70.29181505,115.0056661,0.365492886,18.59335969,45.02068437,0.716674129,0.0562922
441,60,0.5,20,0.836593725,0.447213595,0.569410035,0.821174538,66.45918841,122.3100782,0.37493435,16.02326192,37.0790922,0.834477682,0.03835438
442,60,0.5,20,0.718516797,0.301511345,0.157048432,0.405121673,52.65199317,63.7159864,0.165664416,12.06856348,36.56327408,0.906899354,0.01897044
443,60,0.5,20,0.752255969,0.313727903,0.170552898,0.408827807,57.52011741,86.10726269,0.285559112,13.62582089,32.38639914,0.684563758,0.05020398
444,60,0.5,20,0.784225984,0.316227766,0.150987636,0.361564983,57.95540954,104.4343909,0.384400448,13.97419716,32.14078048,0.81868568,0.03749084
445,60,0.5,20,0.725820022,0.267261242,0.218756303,0.50020125,52.66365716,80.84382564,0.275987458,14.13181349,26.35519641,0.594871871,0.03492452
446,60,0.5,20,0.757902263,0.30656967,0.318285768,0.615080006,59.0618186,103.4228678,0.396729449,15.51355389,36.62412912,0.808962472,0.0402182
447,60,0.5,20,0.785582178,0.316227766,0.301975273,0.572957795,60.61656282,104.5757074,0.375066206,11.68795802,30.03786954,0.908121787,0.03486711
448,60,0.5,20,0.697468411,0.229415734,0.207545578,0.502594557,51.14431852,96.43789095,0.322479577,13.98857452,26.31612515,0.551894231,0.03034325
449,60,0.5,20,0.724535006,0.295656198,0.428234729,0.784142904,53.1576208,107.804248,0.415859438,10.91202293,28.56554711,0.817729333,0.03644904
450,60,0.5,20,0.742659835,0.316227766,0.452962909,0.794179167,54.55690916,95.66067869,0.330670151,9.572850393,20.00748333,1.038929398,0.02594504
451,60,0.5,30,0.805995977,0.577350269,0.367552597,0.636619772,65.85165174,101.9767716,0.369410486,16.99847863,47.75725878,0.824278667,0.06042972
452,60,0.5,30,0.851298292,0.680413817,0.579959658,0.816927334,118.187793,211.6298195,0.473669915,42.04062557,103.4516969,0.729625032,0.1439655
453,60,0.5,30,0.904997185,0.707106781,0.562697698,0.753129277,87.86247909,153.9198955,0.456412144,30.25547874,77.24763889,0.778723067,0.1131461
454,60,0.5,30,0.767663317,0.40824829,0.259898934,0.530516477,61.26212109,104.0251878,0.329086896,18.10058918,46.86579202,0.890752007,0.03643529
455,60,0.5,30,0.807248973,0.440225453,0.314147679,0.572464291,76.22470202,134.8484315,0.432498272,24.81570272,65.76324113,0.798347827,0.09277337
456,60,0.5,30,0.849754169,0.447213595,0.284705017,0.509295818,65.78006436,111.926868,0.464410434,17.43963582,40.70607926,0.907024824,0.1026201
457,60,0.5,30,0.761618473,0.333333333,0.282942121,0.565884242,65.56028803,124.7157055,0.413145387,20.67040515,42.98677056,0.703963275,0.0616795
458,60,0.5,30,0.798975017,0.421075961,0.549819004,0.840001313,79.71849724,142.8381128,0.444237642,28.97110603,66.70043629,0.695283161,0.08372436
459,60,0.5,30,0.836593725,0.447213595,0.569410035,0.821174538,69.14008702,132.6710705,0.439192594,22.31196871,62.42154536,0.778379254,0.05550323
460,60,0.5,30,0.718516797,0.301511345,0.157048432,0.405121673,53.26988018,90.08159829,0.342671376,15.46672602,41.97477298,0.876221635,0.03481505
461,60,0.5,30,0.752255969,0.313727903,0.170552898,0.408827807,52.15732914,91.88178496,0.389333644,16.10103254,33.44362046,0.776301314,0.0653408
462,60,0.5,30,0.784225984,0.316227766,0.150987636,0.361564983,59.06061442,95.00302735,0.346602816,14.27706963,38.88227495,0.834819748,0.05392636
463,60,0.5,30,0.725820022,0.267261242,0.218756303,0.50020125,55.06842316,93.79654248,0.362417753,20.53375849,45.15992721,0.667607639,0.04136068
464,60,0.5,30,0.757902263,0.30656967,0.318285768,0.615080006,62.85527604,117.3327053,0.455421623,17.10925635,58.54866808,0.785623433,0.06353745
465,60,0.5,30,0.785582178,0.316227766,0.301975273,0.572957795,53.36045808,100.763084,0.477653956,14.22982786,39.72462631,0.957238965,0.05789888
466,60,0.5,30,0.697468411,0.229415734,0.207545578,0.502594557,51.27578062,107.5140662,0.498205578,18.83760798,41.55513371,0.639025703,0.03884844
467,60,0.5,30,0.724535006,0.295656198,0.428234729,0.784142904,60.9887927,122.7746687,0.558570311,18.45202302,37.00115918,0.695898355,0.05969403
468,60,0.5,30,0.742659835,0.316227766,0.452962909,0.794179167,54.14288833,98.39109604,0.471170469,11.09766167,21.36675285,1.001195166,0.04276238
469,60,0.5,40,0.805995977,0.577350269,0.367552597,0.636619772,69.37761365,125.7211367,0.431043784,30.21085885,82.65626215,0.799260154,0.08626095
470,60,0.5,40,0.851298292,0.680413817,0.579959658,0.816927334,128.7772939,226.1679115,0.451286413,52.54242629,119.4138306,0.641629533,0.1646537
471,60,0.5,40,0.904997185,0.707106781,0.562697698,0.753129277,100.4568708,171.97315,0.441872192,35.0873056,91.03306682,0.845212005,0.1215669
472,60,0.5,40,0.767663317,0.40824829,0.259898934,0.530516477,64.86236246,117.0925511,0.411713916,18.91672474,48.73906691,0.800237701,0.06730237
473,60,0.5,40,0.807248973,0.440225453,0.314147679,0.572464291,73.27909889,128.220079,0.433637861,25.62624521,83.07823638,0.856471144,0.1229962
474,60,0.5,40,0.849754169,0.447213595,0.284705017,0.509295818,68.46493376,131.8722131,0.438103819,26.03844287,68.53457223,0.818802476,0.09059028
475,60,0.5,40,0.761618473,0.333333333,0.282942121,0.565884242,61.41294713,128.7633589,0.445693541,23.5620109,56.83467302,0.743420966,0.06565083
476,60,0.5,40,0.798975017,0.421075961,0.549819004,0.840001313,73.67928092,158.4566877,0.579635477,30.04214164,67.08501698,0.772302021,0.109671
477,60,0.5,40,0.836593725,0.447213595,0.569410035,0.821174538,77.49958179,127.5723081,0.424478285,28.40211822,68.48409338,0.813867357,0.09703534
478,60,0.5,40,0.718516797,0.301511345,0.157048432,0.405121673,49.57499824,92.37028281,0.380647505,17.3060267,53.86888678,0.917519954,0.04997334
479,60,0.5,40,0.752255969,0.313727903,0.170552898,0.408827807,59.73696788,112.0092076,0.443673275,16.24212202,39.6149694,0.804197683,0.1101975
480,60,0.5,40,0.784225984,0.316227766,0.150987636,0.361564983,56.13670717,106.5893465,0.407309377,17.96647105,52.93683827,0.854042436,0.07298366
481,60,0.5,40,0.725820022,0.267261242,0.218756303,0.50020125,60.89156528,124.4206608,0.502846978,19.6661454,64.8085204,0.799382463,0.06797906
482,60,0.5,40,0.757902263,0.30656967,0.318285768,0.615080006,70.05743463,128.1298387,0.500540017,25.01039307,62.09990858,0.840348364,0.08785881
483,60,0.5,40,0.785582178,0.316227766,0.301975273,0.572957795,65.83749922,135.9722469,0.538599023,18.09661412,59.0331201,0.951078355,0.07900231
484,60,0.5,40,0.697468411,0.229415734,0.207545578,0.502594557,57.35729594,117.4293799,0.539227857,21.02431873,43.70571633,0.638910511,0.06268484
485,60,0.5,40,0.724535006,0.295656198,0.428234729,0.784142904,66.88430095,140.7701368,0.536550166,25.18836743,60.7404009,0.637064572,0.08650948
486,60,0.5,40,0.742659835,0.316227766,0.452962909,0.794179167,62.86649838,135.4039646,0.603250229,19.82941679,69.3692733,1.08863918,0.06673221
